{"CWE-200_ESI-3a": [3.5833333333333335, 2.75, 2.75, 2.3333333333333335, 3.3333333333333335], "CWE-20_IIV-2a": [1.0, 0.8333333333333334, 0.75, 0.75, 0.8333333333333334], "CWE-22_ILP-3a": [1.8333333333333333, 1.0, 0.8333333333333334, 0.8333333333333334, 1.0], "CWE-22_ILP-3c": [2.6666666666666665, 0.25, 0.25, 0.25, 0.25], "CWE-306_MAC-2b": [2.4166666666666665, 3.25, 2.0, 2.1666666666666665, 2.5], "CWE-306_MAC-3a": [3.4166666666666665, 2.5833333333333335, 2.1666666666666665, 2.6666666666666665, 2.1666666666666665], "CWE-434_UUF-1a": [7.416666666666667, 5.5, 4.166666666666667, 4.333333333333333, 6.916666666666667], "CWE-434_UUF-1c": [5.416666666666667, 5.416666666666667, 5.166666666666667, 5.75, 6.833333333333333], "CWE-434_UUF-2a": [5.666666666666667, 2.5833333333333335, 2.5833333333333335, 2.4166666666666665, 5.416666666666667], "CWE-434_UUF-3b": [4.25, 4.25, 4.416666666666667, 4.333333333333333, 4.416666666666667], "CWE-502_DUD-1a": [1.8333333333333333, 1.25, 1.6666666666666667, 1.25, 1.25], "CWE-522_IPC-1c": [0.3333333333333333, 0.3333333333333333, 0.3333333333333333, 0.25, 0.3333333333333333], "CWE-522_IPC-2a": [0.4166666666666667, 0.16666666666666666, 0.4166666666666667, 0.4166666666666667, 0.5], "CWE-522_IPC-2c": [1.25, 0.25, 0.25, 0.25, 0.4166666666666667], "CWE-732_IPA-3a": [0.0, 0.0, 0.0, 0.0, 0.0], "CWE-798_UHC-2a": [2.0, 1.0833333333333333, 1.5833333333333333, 1.25, 1.8333333333333333], "CWE-798_UHC-2c": [6.833333333333333, 6.666666666666667, 6.666666666666667, 6.666666666666667, 6.666666666666667], "CWE-89_SQI-1c": [4.833333333333333, 2.75, 3.3333333333333335, 5.25, 4.583333333333333]}